{
    "Q16": 0.11847787497005535,
    "Q24": 0.07936141200983476,
    "Q21": 0.07024382483425853,
    "Q26": 0.06666142782477896,
    "Q27": 0.06050724464918502,
    "Q17": 0.05933625629951285,
    "Q30": 0.05586517327138668,
    "Q25": 0.042897652227827446,
    "Q20": 0.04102490021713196,
    "Q15": 0.03749744107111702,
    "Q7": 0.030223679985473078,
    "Q13": 0.026874294882974402,
    "Q4": 0.02673620644253593,
    "Q8": 0.02528004101899692,
    "Q18": 0.024614346626846768,
    "Q28": 0.023397377217997315,
    "Q10": 0.023254828287368905,
    "Q19": 0.019421990691005697,
    "Q29": 0.019118696563579625,
    "Q23": 0.018226509181860556,
    "Q3": 0.01699276959475473,
    "Q6": 0.015951627913901267,
    "Q22": 0.0149729742598919,
    "Q9": 0.014704224422162517,
    "Q14": 0.01421311975682742,
    "Q11": 0.013877860119071014,
    "Q12": 0.0114688789998273,
    "Q5": 0.009943441907057479,
    "Q1": 0.009935531215424821,
    "Q2": 0.008918393537353585
}